JOBNAME,CHANGED_JOBNAME,insert_job,box_name,condition
pacc_test_tlit_box_put4dextr_putxfer,pacc_test_tlit_box_put4dextr_putxfer,pacc_test_tlit_box_put4dextr_putxfer : dmz_pacc_test_tlit_box_put4dextr_putxfer,,
mepsie_box_d_spp81_app_stop,mepsie_box_d_spp81_app_stop,mepsie_box_d_spp81_app_stop : dmz_mepsie_box_d_spp81_app_stop,,
mamway_d_marshwaybix_usprd1was01pga,mamway_d_marshwaybix_usprd1was01pga,mamway_d_marshwaybix_usprd1was01pga : dmz_mamway_d_marshwaybix_usprd1was01pga,,
mamway_d_marshwaybix_usprd1was02pga,mamway_d_marshwaybix_usprd1was02pga,mamway_d_marshwaybix_usprd1was02pga : dmz_mamway_d_marshwaybix_usprd1was02pga,,
pingtest,pingtest,pingtest : dmz_pingtest,,
pmmacc_r_nonwin_dmz_box,pmmacc_r_nonwin_dmz_box,pmmacc_r_nonwin_dmz_box : dmz_pmmacc_r_nonwin_dmz_box,,
pmmacc_r_nonwin_dmz_box,pmmacc_r_tst_dmzautosys_usfkl21as78,,pmmacc_r_nonwin_dmz_box : dmz_pmmacc_r_nonwin_dmz_box,
pmmacc_r_nonwin_dmz_box,pmmacc_r_tst_dmzautosys_usfkl21as95,,pmmacc_r_nonwin_dmz_box : dmz_pmmacc_r_nonwin_dmz_box,
pmmacc_r_nonwin_dmz_box,pmmacc_r_tst_dmzautosys_usfkl21as86,,pmmacc_r_nonwin_dmz_box : dmz_pmmacc_r_nonwin_dmz_box,
pmmacc_r_nonwin_dmz_box,pmmacc_r_tst_dmzautosys_usfkl21as225v,,pmmacc_r_nonwin_dmz_box : dmz_pmmacc_r_nonwin_dmz_box,
pmmacc_r_nonwin_dmz_box,pmmacc_r_tst_dmzautosys_usfkl21db94vcn1,,pmmacc_r_nonwin_dmz_box : dmz_pmmacc_r_nonwin_dmz_box,
pmmacc_r_nonwin_dmz_box,pmmacc_r_tst_dmzautosys_usfkl21db94vcn2,,pmmacc_r_nonwin_dmz_box : dmz_pmmacc_r_nonwin_dmz_box,
pmmacc_r_nonwin_dmz_box,pmmacc_r_tst_dmzautosys_usfkl21db94vcn3,,pmmacc_r_nonwin_dmz_box : dmz_pmmacc_r_nonwin_dmz_box,
pmmacc_r_nonwin_dmz_box,pmmacc_r_tst_dmzautosys_usfkl21as86.mrshmc.com,,pmmacc_r_nonwin_dmz_box : dmz_pmmacc_r_nonwin_dmz_box,
pmmacc_r_nonwin_dmz_box,pmmacc_r_tst_autosys_usfkl21as337vcn1,,pmmacc_r_nonwin_dmz_box : dmz_pmmacc_r_nonwin_dmz_box,
pmmacc_r_nonwin_dmz_box,pmmacc_r_tst_autosys_usfkl21as337vcn2,,pmmacc_r_nonwin_dmz_box : dmz_pmmacc_r_nonwin_dmz_box,
pmmacc_r_nonwin_dmz_box,pmmacc_r_tst_autosys_usfkl21as337vcn1_elk,,pmmacc_r_nonwin_dmz_box : dmz_pmmacc_r_nonwin_dmz_box,
pmmacc_r_nonwin_dmz_box,pmmacc_r_tst_dmzautosys_usdf21v0516,,pmmacc_r_nonwin_dmz_box : dmz_pmmacc_r_nonwin_dmz_box,
pmmacc_r_nonwin_dmz_box,pmmacc_r_tst_dmzautosys_usdfw21db72v,,pmmacc_r_nonwin_dmz_box : dmz_pmmacc_r_nonwin_dmz_box,
pmmacc_r_tst_dmzautosys_usfkl21as78,pmmacc_r_tst_dmzautosys_usfkl21as78,pmmacc_r_tst_dmzautosys_usfkl21as78 : dmz_pmmacc_r_tst_dmzautosys_usfkl21as78,,
pmmacc_r_tst_dmzautosys_usfkl21as95,pmmacc_r_tst_dmzautosys_usfkl21as95,pmmacc_r_tst_dmzautosys_usfkl21as95 : dmz_pmmacc_r_tst_dmzautosys_usfkl21as95,,
pmmacc_r_tst_dmzautosys_usfkl21as86,pmmacc_r_tst_dmzautosys_usfkl21as86,pmmacc_r_tst_dmzautosys_usfkl21as86 : dmz_pmmacc_r_tst_dmzautosys_usfkl21as86,,
pmmacc_r_tst_dmzautosys_usfkl21as225v,pmmacc_r_tst_dmzautosys_usfkl21as225v,pmmacc_r_tst_dmzautosys_usfkl21as225v : dmz_pmmacc_r_tst_dmzautosys_usfkl21as225v,,
pmmacc_r_tst_dmzautosys_usfkl21db94vcn1,pmmacc_r_tst_dmzautosys_usfkl21db94vcn1,pmmacc_r_tst_dmzautosys_usfkl21db94vcn1 : dmz_pmmacc_r_tst_dmzautosys_usfkl21db94vcn1,,
pmmacc_r_tst_dmzautosys_usfkl21db94vcn2,pmmacc_r_tst_dmzautosys_usfkl21db94vcn2,pmmacc_r_tst_dmzautosys_usfkl21db94vcn2 : dmz_pmmacc_r_tst_dmzautosys_usfkl21db94vcn2,,
pmmacc_r_tst_dmzautosys_usfkl21db94vcn3,pmmacc_r_tst_dmzautosys_usfkl21db94vcn3,pmmacc_r_tst_dmzautosys_usfkl21db94vcn3 : dmz_pmmacc_r_tst_dmzautosys_usfkl21db94vcn3,,
pmmacc_r_tst_dmzautosys_usfkl21as86.mrshmc.com,pmmacc_r_tst_dmzautosys_usfkl21as86.mrshmc.com,pmmacc_r_tst_dmzautosys_usfkl21as86.mrshmc.com : dmz_pmmacc_r_tst_dmzautosys_usfkl21as86.mrshmc.com,,
pmmacc_r_tst_autosys_usfkl21as337vcn1,pmmacc_r_tst_autosys_usfkl21as337vcn1,pmmacc_r_tst_autosys_usfkl21as337vcn1 : dmz_pmmacc_r_tst_autosys_usfkl21as337vcn1,,
pmmacc_r_tst_autosys_usfkl21as337vcn2,pmmacc_r_tst_autosys_usfkl21as337vcn2,pmmacc_r_tst_autosys_usfkl21as337vcn2 : dmz_pmmacc_r_tst_autosys_usfkl21as337vcn2,,
pmmacc_r_tst_autosys_usfkl21as337vcn1_elk,pmmacc_r_tst_autosys_usfkl21as337vcn1_elk,pmmacc_r_tst_autosys_usfkl21as337vcn1_elk : dmz_pmmacc_r_tst_autosys_usfkl21as337vcn1_elk,,
pmmacc_r_tst_dmzautosys_usdf21v0516,pmmacc_r_tst_dmzautosys_usdf21v0516,pmmacc_r_tst_dmzautosys_usdf21v0516 : dmz_pmmacc_r_tst_dmzautosys_usdf21v0516,,
pmmacc_r_tst_dmzautosys_usdfw21db72v,pmmacc_r_tst_dmzautosys_usdfw21db72v,pmmacc_r_tst_dmzautosys_usdfw21db72v : dmz_pmmacc_r_tst_dmzautosys_usdfw21db72v,,
pmmacc_r_win_dmz_box,pmmacc_r_win_dmz_box,pmmacc_r_win_dmz_box : dmz_pmmacc_r_win_dmz_box,,
pmmacc_r_win_dmz_box,pmmacc_r_tst_dmzautosys_usfkl11db11ci1,,pmmacc_r_win_dmz_box : dmz_pmmacc_r_win_dmz_box,
pmmacc_r_win_dmz_box,pmmacc_r_tst_dmzautosys_usfkl11db11cn1,,pmmacc_r_win_dmz_box : dmz_pmmacc_r_win_dmz_box,
pmmacc_r_win_dmz_box,pmmacc_r_tst_dmzautosys_usfkl11db11cn2,,pmmacc_r_win_dmz_box : dmz_pmmacc_r_win_dmz_box,
pmmacc_r_win_dmz_box,pmmacc_r_tst_dmzautosys_usfkl11db11cn3,,pmmacc_r_win_dmz_box : dmz_pmmacc_r_win_dmz_box,
pmmacc_r_win_dmz_box,pmmacc_r_tst_dmzautosys_usfkl11db11ci2,,pmmacc_r_win_dmz_box : dmz_pmmacc_r_win_dmz_box,
pmmacc_r_win_dmz_box,pmmacc_r_tst_dmzautosys_usfkl11db11cn3_kms,,pmmacc_r_win_dmz_box : dmz_pmmacc_r_win_dmz_box,
pmmacc_r_tst_dmzautosys_usfkl11db11ci1,pmmacc_r_tst_dmzautosys_usfkl11db11ci1,pmmacc_r_tst_dmzautosys_usfkl11db11ci1 : dmz_pmmacc_r_tst_dmzautosys_usfkl11db11ci1,,
pmmacc_r_tst_dmzautosys_usfkl11db11cn1,pmmacc_r_tst_dmzautosys_usfkl11db11cn1,pmmacc_r_tst_dmzautosys_usfkl11db11cn1 : dmz_pmmacc_r_tst_dmzautosys_usfkl11db11cn1,,
pmmacc_r_tst_dmzautosys_usfkl11db11cn2,pmmacc_r_tst_dmzautosys_usfkl11db11cn2,pmmacc_r_tst_dmzautosys_usfkl11db11cn2 : dmz_pmmacc_r_tst_dmzautosys_usfkl11db11cn2,,
pmmacc_r_tst_dmzautosys_usfkl11db11cn3,pmmacc_r_tst_dmzautosys_usfkl11db11cn3,pmmacc_r_tst_dmzautosys_usfkl11db11cn3 : dmz_pmmacc_r_tst_dmzautosys_usfkl11db11cn3,,
pmmacc_r_tst_dmzautosys_usfkl11db11ci2,pmmacc_r_tst_dmzautosys_usfkl11db11ci2,pmmacc_r_tst_dmzautosys_usfkl11db11ci2 : dmz_pmmacc_r_tst_dmzautosys_usfkl11db11ci2,,
pmmacc_r_tst_dmzautosys_usfkl11db11cn3_kms,pmmacc_r_tst_dmzautosys_usfkl11db11cn3_kms,pmmacc_r_tst_dmzautosys_usfkl11db11cn3_kms : dmz_pmmacc_r_tst_dmzautosys_usfkl11db11cn3_kms,,
pmmacc_r_xplatform_prod_DMZ_box,pmmacc_r_xplatform_prod_DMZ_box,pmmacc_r_xplatform_prod_DMZ_box : dmz_pmmacc_r_xplatform_prod_DMZ_box,,
pmmacc_r_autosys_autorep_machines_PDZ_email,pmmacc_r_autosys_autorep_machines_PDZ_email,pmmacc_r_autosys_autorep_machines_PDZ_email : dmz_pmmacc_r_autosys_autorep_machines_PDZ_email,,
pacc_w_autosys_wkly_jil_bkup_PROD_DMZ,pacc_w_autosys_wkly_jil_bkup_PROD_DMZ,pacc_w_autosys_wkly_jil_bkup_PROD_DMZ : dmz_pacc_w_autosys_wkly_jil_bkup_PROD_DMZ,,
pacc_w_autotrack_bkup_log_DMZ,pacc_w_autotrack_bkup_log_DMZ,pacc_w_autotrack_bkup_log_DMZ : dmz_pacc_w_autotrack_bkup_log_DMZ,,
pmmacc_r_autosys_test_PDZ_email,pmmacc_r_autosys_test_PDZ_email,pmmacc_r_autosys_test_PDZ_email : dmz_pmmacc_r_autosys_test_PDZ_email,,
pacc_r_autosys_DMZ_set_stuff_elk5,pacc_r_autosys_DMZ_set_stuff_elk5,pacc_r_autosys_DMZ_set_stuff_elk5 : dmz_pacc_r_autosys_DMZ_set_stuff_elk5,,
pacc_d_autosysjobs_DMZ_running,pacc_d_autosysjobs_DMZ_running,pacc_d_autosysjobs_DMZ_running : dmz_pacc_d_autosysjobs_DMZ_running,,
pacc_r_autosysjobs_DMZ_mthly_wc_l,pacc_r_autosysjobs_DMZ_mthly_wc_l,pacc_r_autosysjobs_DMZ_mthly_wc_l : dmz_pacc_r_autosysjobs_DMZ_mthly_wc_l,,
pmmacc_d_autosys_prod_dmz_jobs_dump_sql_file,pmmacc_d_autosys_prod_dmz_jobs_dump_sql_file,pmmacc_d_autosys_prod_dmz_jobs_dump_sql_file : dmz_pmmacc_d_autosys_prod_dmz_jobs_dump_sql_file,,
pmdocsapacprod_d_uni_start_mdocsexceptionnotification,pmdocsapacprod_d_uni_start_mdocsexceptionnotification,pmdocsapacprod_d_uni_start_mdocsexceptionnotification : dmz_pmdocsapacprod_d_uni_start_mdocsexceptionnotification,,
pmdocsprod_d_uni_start_mdocsexceptionnotification,pmdocsprod_d_uni_start_mdocsexceptionnotification,pmdocsprod_d_uni_start_mdocsexceptionnotification : dmz_pmdocsprod_d_uni_start_mdocsexceptionnotification,,
pmmacc_d_autosys_PDZ_sql_jobrow_file,pmmacc_d_autosys_PDZ_sql_jobrow_file,pmmacc_d_autosys_PDZ_sql_jobrow_file : dmz_pmmacc_d_autosys_PDZ_sql_jobrow_file,,
pacc_d_autosys_chase_30mins_PDZ,pacc_d_autosys_chase_30mins_PDZ,pacc_d_autosys_chase_30mins_PDZ : dmz_pacc_d_autosys_chase_30mins_PDZ,,
pacc_r_autosysjobs_mthly_OPCO_PDZ,pacc_r_autosysjobs_mthly_OPCO_PDZ,pacc_r_autosysjobs_mthly_OPCO_PDZ : dmz_pacc_r_autosysjobs_mthly_OPCO_PDZ,,
pmmacc_d_autosysjobs_hourly_running_totals_PDZ,pmmacc_d_autosysjobs_hourly_running_totals_PDZ,pmmacc_d_autosysjobs_hourly_running_totals_PDZ : dmz_pmmacc_d_autosysjobs_hourly_running_totals_PDZ,,
mamdocs_d_apacprod_exception_file_handling,mamdocs_d_apacprod_exception_file_handling,mamdocs_d_apacprod_exception_file_handling : dmz_mamdocs_d_apacprod_exception_file_handling,,
mamdocs_d_prod_exception_file_handling,mamdocs_d_prod_exception_file_handling,mamdocs_d_prod_exception_file_handling : dmz_mamdocs_d_prod_exception_file_handling,,
pmdocs_apac_checkout_report,pmdocs_apac_checkout_report,pmdocs_apac_checkout_report : dmz_pmdocs_apac_checkout_report,,
pmdocs_us_checkout_report,pmdocs_us_checkout_report,pmdocs_us_checkout_report : dmz_pmdocs_us_checkout_report,,
pacc_r_autosys_DMZ_set_stuff_elk2_ls,pacc_r_autosys_DMZ_set_stuff_elk2_ls,pacc_r_autosys_DMZ_set_stuff_elk2_ls : dmz_pacc_r_autosys_DMZ_set_stuff_elk2_ls,,
pacc_r_autosys_DMZ_set_stuff_elk2_mdir,pacc_r_autosys_DMZ_set_stuff_elk2_mdir,pacc_r_autosys_DMZ_set_stuff_elk2_mdir : dmz_pacc_r_autosys_DMZ_set_stuff_elk2_mdir,,
me_mssql_afbo_sync_box,me_mssql_afbo_sync_box,me_mssql_afbo_sync_box : dmz_me_mssql_afbo_sync_box,,
me_mssql_afbo_sync_box,me_mssql_afbo_sync,,me_mssql_afbo_sync_box : dmz_me_mssql_afbo_sync_box,
me_mssql_afbo_sync,me_mssql_afbo_sync,me_mssql_afbo_sync : dmz_me_mssql_afbo_sync,,
pacc_d_elk_testing_jil_insert_update_PDZ,pacc_d_elk_testing_jil_insert_update_PDZ,pacc_d_elk_testing_jil_insert_update_PDZ : dmz_pacc_d_elk_testing_jil_insert_update_PDZ,,
me_mssql_d_usfkl11db11ci2_nc_box,me_mssql_d_usfkl11db11ci2_nc_box,me_mssql_d_usfkl11db11ci2_nc_box : dmz_me_mssql_d_usfkl11db11ci2_nc_box,,
me_mssql_d_usfkl11db11ci2_nc_box,me_mssql_d_usfkl11db11ci2_nc_bc,,me_mssql_d_usfkl11db11ci2_nc_box : dmz_me_mssql_d_usfkl11db11ci2_nc_box,
me_mssql_d_usfkl11db11ci2_nc_box,me_mssql_d_usfkl11db11ci2_nc_cycle,,me_mssql_d_usfkl11db11ci2_nc_box : dmz_me_mssql_d_usfkl11db11ci2_nc_box,
me_mssql_d_usfkl11db11ci2_nc_box,me_mssql_d_usfkl11db11ci2_mv_to_tape,,,s(me_mssql_d_usfkl11db11ci2_nc_box) : dmz_me_mssql_d_usfkl11db11ci2_nc_box
me_mssql_d_usfkl11db11ci2_nc_bc,me_mssql_d_usfkl11db11ci2_nc_bc,me_mssql_d_usfkl11db11ci2_nc_bc : dmz_me_mssql_d_usfkl11db11ci2_nc_bc,,
me_mssql_d_usfkl11db11ci2_nc_bc,me_mssql_d_usfkl11db11ci2_nc_cycle,,,s(me_mssql_d_usfkl11db11ci2_nc_bc) : dmz_me_mssql_d_usfkl11db11ci2_nc_bc
me_mssql_d_usfkl11db11ci2_nc_cycle,me_mssql_d_usfkl11db11ci2_nc_cycle,me_mssql_d_usfkl11db11ci2_nc_cycle : dmz_me_mssql_d_usfkl11db11ci2_nc_cycle,,
me_mssql_w_usfkl11db11ci2_nc_box,me_mssql_w_usfkl11db11ci2_nc_box,me_mssql_w_usfkl11db11ci2_nc_box : dmz_me_mssql_w_usfkl11db11ci2_nc_box,,
me_mssql_w_usfkl11db11ci2_nc_box,me_mssql_w_usfkl11db11ci2_nc_bc,,me_mssql_w_usfkl11db11ci2_nc_box : dmz_me_mssql_w_usfkl11db11ci2_nc_box,
me_mssql_w_usfkl11db11ci2_nc_box,me_mssql_w_usfkl11db11ci2_nc_cycle,,me_mssql_w_usfkl11db11ci2_nc_box : dmz_me_mssql_w_usfkl11db11ci2_nc_box,
me_mssql_w_usfkl11db11ci2_nc_box,me_mssql_w_usfkl11db11ci2_mv_to_tape,,,s(me_mssql_w_usfkl11db11ci2_nc_box) : dmz_me_mssql_w_usfkl11db11ci2_nc_box
me_mssql_w_usfkl11db11ci2_nc_bc,me_mssql_w_usfkl11db11ci2_nc_bc,me_mssql_w_usfkl11db11ci2_nc_bc : dmz_me_mssql_w_usfkl11db11ci2_nc_bc,,
me_mssql_w_usfkl11db11ci2_nc_bc,me_mssql_w_usfkl11db11ci2_nc_cycle,,,s(me_mssql_w_usfkl11db11ci2_nc_bc) : dmz_me_mssql_w_usfkl11db11ci2_nc_bc
me_mssql_w_usfkl11db11ci2_nc_cycle,me_mssql_w_usfkl11db11ci2_nc_cycle,me_mssql_w_usfkl11db11ci2_nc_cycle : dmz_me_mssql_w_usfkl11db11ci2_nc_cycle,,
me_mssql_d_usfkl11db124ci1_nc_box,me_mssql_d_usfkl11db124ci1_nc_box,me_mssql_d_usfkl11db124ci1_nc_box : dmz_me_mssql_d_usfkl11db124ci1_nc_box,,
me_mssql_d_usfkl11db124ci1_nc_box,me_mssql_d_usfkl11db124ci1_nc_bc,,me_mssql_d_usfkl11db124ci1_nc_box : dmz_me_mssql_d_usfkl11db124ci1_nc_box,
me_mssql_d_usfkl11db124ci1_nc_box,me_mssql_d_usfkl11db124ci1_nc_cycle,,me_mssql_d_usfkl11db124ci1_nc_box : dmz_me_mssql_d_usfkl11db124ci1_nc_box,
me_mssql_d_usfkl11db124ci1_nc_box,me_mssql_d_usfkl11db124ci1_mv_to_tape,,,s(me_mssql_d_usfkl11db124ci1_nc_box) : dmz_me_mssql_d_usfkl11db124ci1_nc_box
me_mssql_d_usfkl11db124ci1_nc_bc,me_mssql_d_usfkl11db124ci1_nc_bc,me_mssql_d_usfkl11db124ci1_nc_bc : dmz_me_mssql_d_usfkl11db124ci1_nc_bc,,
me_mssql_d_usfkl11db124ci1_nc_bc,me_mssql_d_usfkl11db124ci1_nc_cycle,,,s(me_mssql_d_usfkl11db124ci1_nc_bc) : dmz_me_mssql_d_usfkl11db124ci1_nc_bc
me_mssql_d_usfkl11db124ci1_nc_cycle,me_mssql_d_usfkl11db124ci1_nc_cycle,me_mssql_d_usfkl11db124ci1_nc_cycle : dmz_me_mssql_d_usfkl11db124ci1_nc_cycle,,
me_mssql_w_usfkl11db124ci1_nc_box,me_mssql_w_usfkl11db124ci1_nc_box,me_mssql_w_usfkl11db124ci1_nc_box : dmz_me_mssql_w_usfkl11db124ci1_nc_box,,
me_mssql_w_usfkl11db124ci1_nc_box,me_mssql_w_usfkl11db124ci1_nc_bc,,me_mssql_w_usfkl11db124ci1_nc_box : dmz_me_mssql_w_usfkl11db124ci1_nc_box,
me_mssql_w_usfkl11db124ci1_nc_box,me_mssql_w_usfkl11db124ci1_nc_cycle,,me_mssql_w_usfkl11db124ci1_nc_box : dmz_me_mssql_w_usfkl11db124ci1_nc_box,
me_mssql_w_usfkl11db124ci1_nc_box,me_mssql_w_usfkl11db124ci1_mv_to_tape,,,s(me_mssql_w_usfkl11db124ci1_nc_box) : dmz_me_mssql_w_usfkl11db124ci1_nc_box
me_mssql_w_usfkl11db124ci1_nc_bc,me_mssql_w_usfkl11db124ci1_nc_bc,me_mssql_w_usfkl11db124ci1_nc_bc : dmz_me_mssql_w_usfkl11db124ci1_nc_bc,,
me_mssql_w_usfkl11db124ci1_nc_bc,me_mssql_w_usfkl11db124ci1_nc_cycle,,,s(me_mssql_w_usfkl11db124ci1_nc_bc) : dmz_me_mssql_w_usfkl11db124ci1_nc_bc
me_mssql_w_usfkl11db124ci1_nc_cycle,me_mssql_w_usfkl11db124ci1_nc_cycle,me_mssql_w_usfkl11db124ci1_nc_cycle : dmz_me_mssql_w_usfkl11db124ci1_nc_cycle,,
me_mssql_d_usfkl11db11ci2_tape_box,me_mssql_d_usfkl11db11ci2_tape_box,me_mssql_d_usfkl11db11ci2_tape_box : dmz_me_mssql_d_usfkl11db11ci2_tape_box,,
me_mssql_d_usfkl11db11ci2_tape_box,me_mssql_d_usfkl11db11ci2_mv_to_tape,,me_mssql_d_usfkl11db11ci2_tape_box : dmz_me_mssql_d_usfkl11db11ci2_tape_box,
me_mssql_d_usfkl11db11ci2_tape_box,me_mssql_d_usfkl11db11ci2_backup_tape,,me_mssql_d_usfkl11db11ci2_tape_box : dmz_me_mssql_d_usfkl11db11ci2_tape_box,
me_mssql_d_usfkl11db11ci2_tape_box,me_mssql_d_usfkl11db11ci2_mv_to_backup,,me_mssql_d_usfkl11db11ci2_tape_box : dmz_me_mssql_d_usfkl11db11ci2_tape_box,
me_mssql_d_usfkl11db11ci2_mv_to_tape,me_mssql_d_usfkl11db11ci2_mv_to_tape,me_mssql_d_usfkl11db11ci2_mv_to_tape : dmz_me_mssql_d_usfkl11db11ci2_mv_to_tape,,
me_mssql_d_usfkl11db11ci2_mv_to_tape,me_mssql_d_usfkl11db11ci2_backup_tape,,,s(me_mssql_d_usfkl11db11ci2_mv_to_tape) : dmz_me_mssql_d_usfkl11db11ci2_mv_to_tape
me_mssql_d_usfkl11db11ci2_backup_tape,me_mssql_d_usfkl11db11ci2_backup_tape,me_mssql_d_usfkl11db11ci2_backup_tape : dmz_me_mssql_d_usfkl11db11ci2_backup_tape,,
me_mssql_d_usfkl11db11ci2_backup_tape,me_mssql_d_usfkl11db11ci2_mv_to_backup,,,s(me_mssql_d_usfkl11db11ci2_backup_tape) : dmz_me_mssql_d_usfkl11db11ci2_backup_tape
me_mssql_d_usfkl11db11ci2_mv_to_backup,me_mssql_d_usfkl11db11ci2_mv_to_backup,me_mssql_d_usfkl11db11ci2_mv_to_backup : dmz_me_mssql_d_usfkl11db11ci2_mv_to_backup,,
me_mssql_w_usfkl11db11ci2_tape_box,me_mssql_w_usfkl11db11ci2_tape_box,me_mssql_w_usfkl11db11ci2_tape_box : dmz_me_mssql_w_usfkl11db11ci2_tape_box,,
me_mssql_w_usfkl11db11ci2_tape_box,me_mssql_w_usfkl11db11ci2_mv_to_tape,,me_mssql_w_usfkl11db11ci2_tape_box : dmz_me_mssql_w_usfkl11db11ci2_tape_box,
me_mssql_w_usfkl11db11ci2_tape_box,me_mssql_w_usfkl11db11ci2_backup_tape,,me_mssql_w_usfkl11db11ci2_tape_box : dmz_me_mssql_w_usfkl11db11ci2_tape_box,
me_mssql_w_usfkl11db11ci2_tape_box,me_mssql_w_usfkl11db11ci2_mv_to_backup,,me_mssql_w_usfkl11db11ci2_tape_box : dmz_me_mssql_w_usfkl11db11ci2_tape_box,
me_mssql_w_usfkl11db11ci2_mv_to_tape,me_mssql_w_usfkl11db11ci2_mv_to_tape,me_mssql_w_usfkl11db11ci2_mv_to_tape : dmz_me_mssql_w_usfkl11db11ci2_mv_to_tape,,
me_mssql_w_usfkl11db11ci2_mv_to_tape,me_mssql_w_usfkl11db11ci2_backup_tape,,,s(me_mssql_w_usfkl11db11ci2_mv_to_tape) : dmz_me_mssql_w_usfkl11db11ci2_mv_to_tape
me_mssql_w_usfkl11db11ci2_backup_tape,me_mssql_w_usfkl11db11ci2_backup_tape,me_mssql_w_usfkl11db11ci2_backup_tape : dmz_me_mssql_w_usfkl11db11ci2_backup_tape,,
me_mssql_w_usfkl11db11ci2_backup_tape,me_mssql_w_usfkl11db11ci2_mv_to_backup,,,s(me_mssql_w_usfkl11db11ci2_backup_tape) : dmz_me_mssql_w_usfkl11db11ci2_backup_tape
me_mssql_w_usfkl11db11ci2_mv_to_backup,me_mssql_w_usfkl11db11ci2_mv_to_backup,me_mssql_w_usfkl11db11ci2_mv_to_backup : dmz_me_mssql_w_usfkl11db11ci2_mv_to_backup,,
me_mssql_d_usfkl11db11ci1_tape_box,me_mssql_d_usfkl11db11ci1_tape_box,me_mssql_d_usfkl11db11ci1_tape_box : dmz_me_mssql_d_usfkl11db11ci1_tape_box,,
me_mssql_d_usfkl11db11ci1_tape_box,me_mssql_d_usfkl11db11ci1_mv_to_tape,,me_mssql_d_usfkl11db11ci1_tape_box : dmz_me_mssql_d_usfkl11db11ci1_tape_box,
me_mssql_d_usfkl11db11ci1_tape_box,me_mssql_d_usfkl11db11ci1_backup_tape,,me_mssql_d_usfkl11db11ci1_tape_box : dmz_me_mssql_d_usfkl11db11ci1_tape_box,
me_mssql_d_usfkl11db11ci1_tape_box,me_mssql_d_usfkl11db11ci1_mv_to_backup,,me_mssql_d_usfkl11db11ci1_tape_box : dmz_me_mssql_d_usfkl11db11ci1_tape_box,
me_mssql_d_usfkl11db11ci1_mv_to_tape,me_mssql_d_usfkl11db11ci1_mv_to_tape,me_mssql_d_usfkl11db11ci1_mv_to_tape : dmz_me_mssql_d_usfkl11db11ci1_mv_to_tape,,
me_mssql_d_usfkl11db11ci1_mv_to_tape,me_mssql_d_usfkl11db11ci1_backup_tape,,,s(me_mssql_d_usfkl11db11ci1_mv_to_tape) : dmz_me_mssql_d_usfkl11db11ci1_mv_to_tape
me_mssql_d_usfkl11db11ci1_backup_tape,me_mssql_d_usfkl11db11ci1_backup_tape,me_mssql_d_usfkl11db11ci1_backup_tape : dmz_me_mssql_d_usfkl11db11ci1_backup_tape,,
me_mssql_d_usfkl11db11ci1_backup_tape,me_mssql_d_usfkl11db11ci1_mv_to_backup,,,s(me_mssql_d_usfkl11db11ci1_backup_tape) : dmz_me_mssql_d_usfkl11db11ci1_backup_tape
me_mssql_d_usfkl11db11ci1_mv_to_backup,me_mssql_d_usfkl11db11ci1_mv_to_backup,me_mssql_d_usfkl11db11ci1_mv_to_backup : dmz_me_mssql_d_usfkl11db11ci1_mv_to_backup,,
me_mssql_w_usfkl11db11ci1_tape_box,me_mssql_w_usfkl11db11ci1_tape_box,me_mssql_w_usfkl11db11ci1_tape_box : dmz_me_mssql_w_usfkl11db11ci1_tape_box,,
me_mssql_w_usfkl11db11ci1_tape_box,me_mssql_w_usfkl11db11ci1_mv_to_tape,,me_mssql_w_usfkl11db11ci1_tape_box : dmz_me_mssql_w_usfkl11db11ci1_tape_box,
me_mssql_w_usfkl11db11ci1_tape_box,me_mssql_w_usfkl11db11ci1_backup_tape,,me_mssql_w_usfkl11db11ci1_tape_box : dmz_me_mssql_w_usfkl11db11ci1_tape_box,
me_mssql_w_usfkl11db11ci1_tape_box,me_mssql_w_usfkl11db11ci1_mv_to_backup,,me_mssql_w_usfkl11db11ci1_tape_box : dmz_me_mssql_w_usfkl11db11ci1_tape_box,
me_mssql_w_usfkl11db11ci1_mv_to_tape,me_mssql_w_usfkl11db11ci1_mv_to_tape,me_mssql_w_usfkl11db11ci1_mv_to_tape : dmz_me_mssql_w_usfkl11db11ci1_mv_to_tape,,
me_mssql_w_usfkl11db11ci1_mv_to_tape,me_mssql_w_usfkl11db11ci1_backup_tape,,,s(me_mssql_w_usfkl11db11ci1_mv_to_tape) : dmz_me_mssql_w_usfkl11db11ci1_mv_to_tape
me_mssql_w_usfkl11db11ci1_backup_tape,me_mssql_w_usfkl11db11ci1_backup_tape,me_mssql_w_usfkl11db11ci1_backup_tape : dmz_me_mssql_w_usfkl11db11ci1_backup_tape,,
me_mssql_w_usfkl11db11ci1_backup_tape,me_mssql_w_usfkl11db11ci1_mv_to_backup,,,s(me_mssql_w_usfkl11db11ci1_backup_tape) : dmz_me_mssql_w_usfkl11db11ci1_backup_tape
me_mssql_w_usfkl11db11ci1_mv_to_backup,me_mssql_w_usfkl11db11ci1_mv_to_backup,me_mssql_w_usfkl11db11ci1_mv_to_backup : dmz_me_mssql_w_usfkl11db11ci1_mv_to_backup,,
me_mssql_d_usfkl11db124ci1_tape_box,me_mssql_d_usfkl11db124ci1_tape_box,me_mssql_d_usfkl11db124ci1_tape_box : dmz_me_mssql_d_usfkl11db124ci1_tape_box,,
me_mssql_d_usfkl11db124ci1_tape_box,me_mssql_d_usfkl11db124ci1_mv_to_tape,,me_mssql_d_usfkl11db124ci1_tape_box : dmz_me_mssql_d_usfkl11db124ci1_tape_box,
me_mssql_d_usfkl11db124ci1_tape_box,me_mssql_d_usfkl11db124ci1_backup_tape,,me_mssql_d_usfkl11db124ci1_tape_box : dmz_me_mssql_d_usfkl11db124ci1_tape_box,
me_mssql_d_usfkl11db124ci1_tape_box,me_mssql_d_usfkl11db124ci1_mv_to_backup,,me_mssql_d_usfkl11db124ci1_tape_box : dmz_me_mssql_d_usfkl11db124ci1_tape_box,
me_mssql_d_usfkl11db124ci1_mv_to_tape,me_mssql_d_usfkl11db124ci1_mv_to_tape,me_mssql_d_usfkl11db124ci1_mv_to_tape : dmz_me_mssql_d_usfkl11db124ci1_mv_to_tape,,
me_mssql_d_usfkl11db124ci1_mv_to_tape,me_mssql_d_usfkl11db124ci1_backup_tape,,,s(me_mssql_d_usfkl11db124ci1_mv_to_tape) : dmz_me_mssql_d_usfkl11db124ci1_mv_to_tape
me_mssql_d_usfkl11db124ci1_backup_tape,me_mssql_d_usfkl11db124ci1_backup_tape,me_mssql_d_usfkl11db124ci1_backup_tape : dmz_me_mssql_d_usfkl11db124ci1_backup_tape,,
me_mssql_d_usfkl11db124ci1_backup_tape,me_mssql_d_usfkl11db124ci1_mv_to_backup,,,s(me_mssql_d_usfkl11db124ci1_backup_tape) : dmz_me_mssql_d_usfkl11db124ci1_backup_tape
me_mssql_d_usfkl11db124ci1_mv_to_backup,me_mssql_d_usfkl11db124ci1_mv_to_backup,me_mssql_d_usfkl11db124ci1_mv_to_backup : dmz_me_mssql_d_usfkl11db124ci1_mv_to_backup,,
me_mssql_w_usfkl11db124ci1_tape_box,me_mssql_w_usfkl11db124ci1_tape_box,me_mssql_w_usfkl11db124ci1_tape_box : dmz_me_mssql_w_usfkl11db124ci1_tape_box,,
me_mssql_w_usfkl11db124ci1_tape_box,me_mssql_w_usfkl11db124ci1_mv_to_tape,,me_mssql_w_usfkl11db124ci1_tape_box : dmz_me_mssql_w_usfkl11db124ci1_tape_box,
me_mssql_w_usfkl11db124ci1_tape_box,me_mssql_w_usfkl11db124ci1_backup_tape,,me_mssql_w_usfkl11db124ci1_tape_box : dmz_me_mssql_w_usfkl11db124ci1_tape_box,
me_mssql_w_usfkl11db124ci1_tape_box,me_mssql_w_usfkl11db124ci1_mv_to_backup,,me_mssql_w_usfkl11db124ci1_tape_box : dmz_me_mssql_w_usfkl11db124ci1_tape_box,
me_mssql_w_usfkl11db124ci1_mv_to_tape,me_mssql_w_usfkl11db124ci1_mv_to_tape,me_mssql_w_usfkl11db124ci1_mv_to_tape : dmz_me_mssql_w_usfkl11db124ci1_mv_to_tape,,
me_mssql_w_usfkl11db124ci1_mv_to_tape,me_mssql_w_usfkl11db124ci1_backup_tape,,,s(me_mssql_w_usfkl11db124ci1_mv_to_tape) : dmz_me_mssql_w_usfkl11db124ci1_mv_to_tape
me_mssql_w_usfkl11db124ci1_backup_tape,me_mssql_w_usfkl11db124ci1_backup_tape,me_mssql_w_usfkl11db124ci1_backup_tape : dmz_me_mssql_w_usfkl11db124ci1_backup_tape,,
me_mssql_w_usfkl11db124ci1_backup_tape,me_mssql_w_usfkl11db124ci1_mv_to_backup,,,s(me_mssql_w_usfkl11db124ci1_backup_tape) : dmz_me_mssql_w_usfkl11db124ci1_backup_tape
me_mssql_w_usfkl11db124ci1_mv_to_backup,me_mssql_w_usfkl11db124ci1_mv_to_backup,me_mssql_w_usfkl11db124ci1_mv_to_backup : dmz_me_mssql_w_usfkl11db124ci1_mv_to_backup,,
dcop_reset_mssql_emerg_ibcg2,dcop_reset_mssql_emerg_ibcg2,dcop_reset_mssql_emerg_ibcg2 : dmz_dcop_reset_mssql_emerg_ibcg2,,
pmmacc_d_autosys_PDZ_sql_machine_file,pmmacc_d_autosys_PDZ_sql_machine_file,pmmacc_d_autosys_PDZ_sql_machine_file : dmz_pmmacc_d_autosys_PDZ_sql_machine_file,,
pmmacc_r_autosys_test_PDZ_elk_ps_ef,pmmacc_r_autosys_test_PDZ_elk_ps_ef,pmmacc_r_autosys_test_PDZ_elk_ps_ef : dmz_pmmacc_r_autosys_test_PDZ_elk_ps_ef,,
marsyn_d_WAS8_5_EXT_rsync-from-PRD-N1-PRF_N1,marsyn_d_WAS8_5_EXT_rsync-from-PRD-N1-PRF_N1,marsyn_d_WAS8_5_EXT_rsync-from-PRD-N1-PRF_N1 : dmz_marsyn_d_WAS8_5_EXT_rsync-from-PRD-N1-PRF_N1,,
marsyn_d_WAS8_5_EXT_rsync-from-PRD-N2-PRF_N2,marsyn_d_WAS8_5_EXT_rsync-from-PRD-N2-PRF_N2,marsyn_d_WAS8_5_EXT_rsync-from-PRD-N2-PRF_N2 : dmz_marsyn_d_WAS8_5_EXT_rsync-from-PRD-N2-PRF_N2,,
meppa_d_Mkrt_UAT_CntrlFile_Setup,meppa_d_Mkrt_UAT_CntrlFile_Setup,meppa_d_Mkrt_UAT_CntrlFile_Setup : dmz_meppa_d_Mkrt_UAT_CntrlFile_Setup,,
meppa_d_Mkrt_UAT_CntrlFile_Setup,meppa_d_Mkrt_Uat_restore,,,s(meppa_d_Mkrt_UAT_CntrlFile_Setup) : dmz_meppa_d_Mkrt_UAT_CntrlFile_Setup
meppa_d_Mkrt_Uat_restore,meppa_d_Mkrt_Uat_restore,meppa_d_Mkrt_Uat_restore : dmz_meppa_d_Mkrt_Uat_restore,,
mamdocs_guestLink_notification,mamdocs_guestLink_notification,mamdocs_guestLink_notification : dmz_mamdocs_guestLink_notification,,
mamdocs_apac_guestLink_notification,mamdocs_apac_guestLink_notification,mamdocs_apac_guestLink_notification : dmz_mamdocs_apac_guestLink_notification,,
pmdocs_apac_hard_delete,pmdocs_apac_hard_delete,pmdocs_apac_hard_delete : dmz_pmdocs_apac_hard_delete,,
pmdocs_hard_delete,pmdocs_hard_delete,pmdocs_hard_delete : dmz_pmdocs_hard_delete,,
pacc_r_autosys_DMZ_set_stuff_elk2_more2,pacc_r_autosys_DMZ_set_stuff_elk2_more2,pacc_r_autosys_DMZ_set_stuff_elk2_more2 : dmz_pacc_r_autosys_DMZ_set_stuff_elk2_more2,,
medba_gather_stats_bwprod24,medba_gather_stats_bwprod24,medba_gather_stats_bwprod24 : dmz_medba_gather_stats_bwprod24,,
medba_gather_stats_weekend_bwprod24,medba_gather_stats_weekend_bwprod24,medba_gather_stats_weekend_bwprod24 : dmz_medba_gather_stats_weekend_bwprod24,,
medba_grant_privs_to_roles_bwprod24,medba_grant_privs_to_roles_bwprod24,medba_grant_privs_to_roles_bwprod24 : dmz_medba_grant_privs_to_roles_bwprod24,,
medba_grant_privs_to_roles_bwprod25,medba_grant_privs_to_roles_bwprod25,medba_grant_privs_to_roles_bwprod25 : dmz_medba_grant_privs_to_roles_bwprod25,,
medba_grant_privs_to_roles_bwprod26,medba_grant_privs_to_roles_bwprod26,medba_grant_privs_to_roles_bwprod26 : dmz_medba_grant_privs_to_roles_bwprod26,,
pmaclev_d_win_start_PBE3Arch,pmaclev_d_win_start_PBE3Arch,pmaclev_d_win_start_PBE3Arch : dmz_pmaclev_d_win_start_PBE3Arch,,
pmaclev_d_win_start_PBE3EdtDif,pmaclev_d_win_start_PBE3EdtDif,pmaclev_d_win_start_PBE3EdtDif : dmz_pmaclev_d_win_start_PBE3EdtDif,,
mamsearch_d_prod_company_oracle_init_job,mamsearch_d_prod_company_oracle_init_job,mamsearch_d_prod_company_oracle_init_job : dmz_mamsearch_d_prod_company_oracle_init_job,,
mamsearch_d_prod_company_oracle_init_job,mamsearch_d_prod_company_dih_init_job,,,s(mamsearch_d_prod_company_oracle_init_job) : dmz_mamsearch_d_prod_company_oracle_init_job
mamsearch_d_prod_company_dih_init_job,mamsearch_d_prod_company_dih_init_job,mamsearch_d_prod_company_dih_init_job : dmz_mamsearch_d_prod_company_dih_init_job,,
mamsearch_d_prod_market-master_box_delta,mamsearch_d_prod_market-master_box_delta,mamsearch_d_prod_market-master_box_delta : dmz_mamsearch_d_prod_market-master_box_delta,,
mamsearch_d_prod_market-master_box_delta,mamsearch_d_prod_market-group_batch_job_dih_delta,,mamsearch_d_prod_market-master_box_delta : dmz_mamsearch_d_prod_market-master_box_delta,
mamsearch_d_prod_market-master_box_delta,mamsearch_d_prod_market-group_oracle_job_c_delta,,mamsearch_d_prod_market-master_box_delta : dmz_mamsearch_d_prod_market-master_box_delta,
mamsearch_d_prod_market-master_box_delta,mamsearch_d_prod_market-master_batch_job_dih_delta,,mamsearch_d_prod_market-master_box_delta : dmz_mamsearch_d_prod_market-master_box_delta,
mamsearch_d_prod_market-master_box_delta,mamsearch_d_prod_market-master_oracle_job_c_delta,,mamsearch_d_prod_market-master_box_delta : dmz_mamsearch_d_prod_market-master_box_delta,
mamsearch_d_prod_market-group_batch_job_dih_delta,mamsearch_d_prod_market-group_batch_job_dih_delta,mamsearch_d_prod_market-group_batch_job_dih_delta : dmz_mamsearch_d_prod_market-group_batch_job_dih_delta,,
mamsearch_d_prod_market-group_oracle_job_c_delta,mamsearch_d_prod_market-group_oracle_job_c_delta,mamsearch_d_prod_market-group_oracle_job_c_delta : dmz_mamsearch_d_prod_market-group_oracle_job_c_delta,,
mamsearch_d_prod_market-group_oracle_job_c_delta,mamsearch_d_prod_market-master_batch_job_dih_delta,,,s(mamsearch_d_prod_market-group_oracle_job_c_delta) : dmz_mamsearch_d_prod_market-group_oracle_job_c_delta
mamsearch_d_prod_market-master_batch_job_dih_delta,dmz_mamsearch_d_prod_market-group_batch_job_dih_delta,,,s(mamsearch_d_prod_market-master_batch_job_dih_delta) : dmz_mamsearch_d_prod_market-master_batch_job_dih_delta
mamsearch_d_prod_market-master_batch_job_dih_delta,mamsearch_d_prod_market-master_batch_job_dih_delta,mamsearch_d_prod_market-master_batch_job_dih_delta : dmz_mamsearch_d_prod_market-master_batch_job_dih_delta,,
mamsearch_d_prod_market-master_oracle_job_c_delta,dmz_mamsearch_d_prod_market-group_oracle_job_c_delta,,,s(mamsearch_d_prod_market-master_oracle_job_c_delta) : dmz_mamsearch_d_prod_market-master_oracle_job_c_delta
mamsearch_d_prod_market-master_oracle_job_c_delta,mamsearch_d_prod_market-master_oracle_job_c_delta,mamsearch_d_prod_market-master_oracle_job_c_delta : dmz_mamsearch_d_prod_market-master_oracle_job_c_delta,,
mamsearch_d_prod_account_dih_delta_job,mamsearch_d_prod_account_dih_delta_job,mamsearch_d_prod_account_dih_delta_job : dmz_mamsearch_d_prod_account_dih_delta_job,,
mamsearch_d_prod_account_oracle_delta_job,dmz_mamsearch_d_prod_account_dih_delta_job,,,s(mamsearch_d_prod_account_oracle_delta_job) : dmz_mamsearch_d_prod_account_oracle_delta_job
mamsearch_d_prod_account_oracle_delta_job,mamsearch_d_prod_account_oracle_delta_job,mamsearch_d_prod_account_oracle_delta_job : dmz_mamsearch_d_prod_account_oracle_delta_job,,
mamsearch_d_prod_company_dih_delta_job,mamsearch_d_prod_company_dih_delta_job,mamsearch_d_prod_company_dih_delta_job : dmz_mamsearch_d_prod_company_dih_delta_job,,
mamsearch_d_prod_company_oracle_delta_job,dmz_mamsearch_d_prod_company_dih_delta_job,,,s(mamsearch_d_prod_company_oracle_delta_job) : dmz_mamsearch_d_prod_company_oracle_delta_job
mamsearch_d_prod_company_oracle_delta_job,mamsearch_d_prod_company_oracle_delta_job,mamsearch_d_prod_company_oracle_delta_job : dmz_mamsearch_d_prod_company_oracle_delta_job,,
mamsearch_d_prod_market-financial-data_dih_init_job,mamsearch_d_prod_market-financial-data_dih_init_job,mamsearch_d_prod_market-financial-data_dih_init_job : dmz_mamsearch_d_prod_market-financial-data_dih_init_job,,
mamsearch_d_prod_market-financial-data_oracle_init_job,dmz_mamsearch_d_prod_market-financial-data_dih_init_job,,,s(mamsearch_d_prod_market-financial-data_oracle_init_job) : dmz_mamsearch_d_prod_market-financial-data_oracle_init_job
mamsearch_d_prod_market-financial-data_oracle_init_job,mamsearch_d_prod_market-financial-data_oracle_init_job,mamsearch_d_prod_market-financial-data_oracle_init_job : dmz_mamsearch_d_prod_market-financial-data_oracle_init_job,,
mamsearch_d_prod_market-group_dih_init_job,mamsearch_d_prod_market-group_dih_init_job,mamsearch_d_prod_market-group_dih_init_job : dmz_mamsearch_d_prod_market-group_dih_init_job,,
mamsearch_d_prod_market-group_oracle_init_job,dmz_mamsearch_d_prod_market-group_dih_init_job,,,s(mamsearch_d_prod_market-group_oracle_init_job) : dmz_mamsearch_d_prod_market-group_oracle_init_job
mamsearch_d_prod_market-group_oracle_init_job,mamsearch_d_prod_market-group_oracle_init_job,mamsearch_d_prod_market-group_oracle_init_job : dmz_mamsearch_d_prod_market-group_oracle_init_job,,
mamsearch_d_prod_market-rating_dih_init_job,mamsearch_d_prod_market-rating_dih_init_job,mamsearch_d_prod_market-rating_dih_init_job : dmz_mamsearch_d_prod_market-rating_dih_init_job,,
mamsearch_d_prod_market-rating_oracle_init_job,dmz_mamsearch_d_prod_market-rating_dih_init_job,,,s(mamsearch_d_prod_market-rating_oracle_init_job) : dmz_mamsearch_d_prod_market-rating_oracle_init_job
mamsearch_d_prod_market-rating_oracle_init_job,mamsearch_d_prod_market-rating_oracle_init_job,mamsearch_d_prod_market-rating_oracle_init_job : dmz_mamsearch_d_prod_market-rating_oracle_init_job,,
mamsearch_d_prod_sepr_dih_delta_job,mamsearch_d_prod_sepr_dih_delta_job,mamsearch_d_prod_sepr_dih_delta_job : dmz_mamsearch_d_prod_sepr_dih_delta_job,,
mamsearch_d_prod_sepr_dih_delta_job,mamsearch_d_prod_sepr_dih_init_job,,,s(mamsearch_d_prod_sepr_oracle_init_job) & n(mamsearch_d_prod_sepr_dih_delta_job) : dmz_mamsearch_d_prod_sepr_dih_delta_job
mamsearch_d_prod_sepr_oracle_delta_job,dmz_mamsearch_d_prod_sepr_dih_delta_job,,,s(mamsearch_d_prod_sepr_oracle_delta_job) & n(mamsearch_d_prod_sepr_dih_init_job) : dmz_mamsearch_d_prod_sepr_oracle_delta_job
mamsearch_d_prod_sepr_oracle_delta_job,mamsearch_d_prod_sepr_oracle_delta_job,mamsearch_d_prod_sepr_oracle_delta_job : dmz_mamsearch_d_prod_sepr_oracle_delta_job,,
mamsearch_d_prod_sepr_dih_init_job,dmz_mamsearch_d_prod_sepr_dih_delta_job,,,s(dmz_mamsearch_d_prod_sepr_oracle_delta_job) & n(mamsearch_d_prod_sepr_dih_init_job) : dmz_mamsearch_d_prod_sepr_dih_init_job
mamsearch_d_prod_sepr_dih_init_job,mamsearch_d_prod_sepr_dih_init_job,mamsearch_d_prod_sepr_dih_init_job : dmz_mamsearch_d_prod_sepr_dih_init_job,,
mamsearch_d_prod_sepr_oracle_init_job,dmz_mamsearch_d_prod_sepr_dih_init_job,,,s(mamsearch_d_prod_sepr_oracle_init_job) & n(dmz_mamsearch_d_prod_sepr_dih_delta_job) : dmz_mamsearch_d_prod_sepr_oracle_init_job
mamsearch_d_prod_sepr_oracle_init_job,mamsearch_d_prod_sepr_oracle_init_job,mamsearch_d_prod_sepr_oracle_init_job : dmz_mamsearch_d_prod_sepr_oracle_init_job,,
mamsearch_d_prod_market_dih_init_job,mamsearch_d_prod_market_dih_init_job,mamsearch_d_prod_market_dih_init_job : dmz_mamsearch_d_prod_market_dih_init_job,,
mamsearch_d_prod_market_oracle_init_job,dmz_mamsearch_d_prod_market_dih_init_job,,,s(mamsearch_d_prod_market_oracle_init_job) : dmz_mamsearch_d_prod_market_oracle_init_job
mamsearch_d_prod_market_oracle_init_job,mamsearch_d_prod_market_oracle_init_job,mamsearch_d_prod_market_oracle_init_job : dmz_mamsearch_d_prod_market_oracle_init_job,,
mamsearch_d_prod_office_dih_init_job,mamsearch_d_prod_office_dih_init_job,mamsearch_d_prod_office_dih_init_job : dmz_mamsearch_d_prod_office_dih_init_job,,
mamsearch_d_prod_office_oracle_init_job,dmz_mamsearch_d_prod_office_dih_init_job,,,s(mamsearch_d_prod_office_oracle_init_job) : dmz_mamsearch_d_prod_office_oracle_init_job
mamsearch_d_prod_office_oracle_init_job,mamsearch_d_prod_office_oracle_init_job,mamsearch_d_prod_office_oracle_init_job : dmz_mamsearch_d_prod_office_oracle_init_job,,
mamsearch_d_prod_market-news_dih_init_job,mamsearch_d_prod_market-news_dih_init_job,mamsearch_d_prod_market-news_dih_init_job : dmz_mamsearch_d_prod_market-news_dih_init_job,,
mamsearch_d_prod_market-news_oracle_init_job,dmz_mamsearch_d_prod_market-news_dih_init_job,,,s(mamsearch_d_prod_market-news_oracle_init_job) : dmz_mamsearch_d_prod_market-news_oracle_init_job
mamsearch_d_prod_market-news_oracle_init_job,mamsearch_d_prod_market-news_oracle_init_job,mamsearch_d_prod_market-news_oracle_init_job : dmz_mamsearch_d_prod_market-news_oracle_init_job,,
mamsearch_w_prod_market-master_dih_init_job,mamsearch_w_prod_market-master_dih_init_job,mamsearch_w_prod_market-master_dih_init_job : dmz_mamsearch_w_prod_market-master_dih_init_job,,
mamsearch_w_prod_market-master_oracle_init_job,dmz_mamsearch_w_prod_market-master_dih_init_job,,,s(mamsearch_w_prod_market-master_oracle_init_job) : dmz_mamsearch_w_prod_market-master_oracle_init_job
mamsearch_w_prod_market-master_oracle_init_job,mamsearch_w_prod_market-master_oracle_init_job,mamsearch_w_prod_market-master_oracle_init_job : dmz_mamsearch_w_prod_market-master_oracle_init_job,,
mamsearch_d_prod_colleague_dih_delta_job,mamsearch_d_prod_colleague_dih_delta_job,mamsearch_d_prod_colleague_dih_delta_job : dmz_mamsearch_d_prod_colleague_dih_delta_job,,
mamsearch_d_prod_colleague_oracle_delta_job,dmz_mamsearch_d_prod_colleague_dih_delta_job,,,s(mamsearch_d_prod_colleague_oracle_delta_job) : dmz_mamsearch_d_prod_colleague_oracle_delta_job
mamsearch_d_prod_colleague_oracle_delta_job,mamsearch_d_prod_colleague_oracle_delta_job,mamsearch_d_prod_colleague_oracle_delta_job : dmz_mamsearch_d_prod_colleague_oracle_delta_job,,
mamsearch_d_prod_mcas-ar_dih_init_job,mamsearch_d_prod_mcas-ar_dih_init_job,mamsearch_d_prod_mcas-ar_dih_init_job : dmz_mamsearch_d_prod_mcas-ar_dih_init_job,,
mamsearch_d_prod_mcas-ar_oracle_init_job,dmz_mamsearch_d_prod_mcas-ar_dih_init_job,,,s(mamsearch_d_prod_mcas-ar_oracle_init_job) : dmz_mamsearch_d_prod_mcas-ar_oracle_init_job
mamsearch_d_prod_mcas-ar_oracle_init_job,mamsearch_d_prod_mcas-ar_oracle_init_job,mamsearch_d_prod_mcas-ar_oracle_init_job : dmz_mamsearch_d_prod_mcas-ar_oracle_init_job,,
mamsearch_d_prod_mcas-ap_dih_init_job,mamsearch_d_prod_mcas-ap_dih_init_job,mamsearch_d_prod_mcas-ap_dih_init_job : dmz_mamsearch_d_prod_mcas-ap_dih_init_job,,
mamsearch_d_prod_mcas-ap_oracle_init_job,dmz_mamsearch_d_prod_mcas-ap_dih_init_job,,,s(mamsearch_d_prod_mcas-ap_oracle_init_job) : dmz_mamsearch_d_prod_mcas-ap_oracle_init_job
mamsearch_d_prod_mcas-ap_oracle_init_job,mamsearch_d_prod_mcas-ap_oracle_init_job,mamsearch_d_prod_mcas-ap_oracle_init_job : dmz_mamsearch_d_prod_mcas-ap_oracle_init_job,,
MAAPP_oms_mview_refresh_oltp22_usfkl21db89cn1,MAAPP_oms_mview_refresh_oltp22_usfkl21db89cn1,MAAPP_oms_mview_refresh_oltp22_usfkl21db89cn1 : dmz_MAAPP_oms_mview_refresh_oltp22_usfkl21db89cn1,,
MAAPP_atm_segm_inactive_usfkl21db89cn1,MAAPP_atm_segm_inactive_usfkl21db89cn1,MAAPP_atm_segm_inactive_usfkl21db89cn1 : dmz_MAAPP_atm_segm_inactive_usfkl21db89cn1,,
MAAPP_cm_lucene_delete_scheduler_usfkl21db89cn1,MAAPP_cm_lucene_delete_scheduler_usfkl21db89cn1,MAAPP_cm_lucene_delete_scheduler_usfkl21db89cn1 : dmz_MAAPP_cm_lucene_delete_scheduler_usfkl21db89cn1,,
MAAPP_d_ecr_syn_ctx_usfkl21db89cn1,MAAPP_d_ecr_syn_ctx_usfkl21db89cn1,MAAPP_d_ecr_syn_ctx_usfkl21db89cn1 : dmz_MAAPP_d_ecr_syn_ctx_usfkl21db89cn1,,
MAAPP_d_mart_ec_load_status_usfkl21db89cn1,MAAPP_d_mart_ec_load_status_usfkl21db89cn1,MAAPP_d_mart_ec_load_status_usfkl21db89cn1 : dmz_MAAPP_d_mart_ec_load_status_usfkl21db89cn1,,
MAAPP_d_mina_grp_migration_usfkl21db89cn1,MAAPP_d_mina_grp_migration_usfkl21db89cn1,MAAPP_d_mina_grp_migration_usfkl21db89cn1 : dmz_MAAPP_d_mina_grp_migration_usfkl21db89cn1,,
MAAPP_marsh_mview_maint_oltp22_usfkl21db89cn1,MAAPP_marsh_mview_maint_oltp22_usfkl21db89cn1,MAAPP_marsh_mview_maint_oltp22_usfkl21db89cn1 : dmz_MAAPP_marsh_mview_maint_oltp22_usfkl21db89cn1,,
MAAPP_mc_alert_notification_oltp22_usfkl21db89cn1,MAAPP_mc_alert_notification_oltp22_usfkl21db89cn1,MAAPP_mc_alert_notification_oltp22_usfkl21db89cn1 : dmz_MAAPP_mc_alert_notification_oltp22_usfkl21db89cn1,,
MAAPP_mm_batchjob_oltp22_usfkl21db89cn1,MAAPP_mm_batchjob_oltp22_usfkl21db89cn1,MAAPP_mm_batchjob_oltp22_usfkl21db89cn1 : dmz_MAAPP_mm_batchjob_oltp22_usfkl21db89cn1,,
MAAPP_rebuild_bsa_usfkl21db89cn1,MAAPP_rebuild_bsa_usfkl21db89cn1,MAAPP_rebuild_bsa_usfkl21db89cn1 : dmz_MAAPP_rebuild_bsa_usfkl21db89cn1,,
MAAPP_sforms_batchjob_oltp22_usfkl21db89cn1,MAAPP_sforms_batchjob_oltp22_usfkl21db89cn1,MAAPP_sforms_batchjob_oltp22_usfkl21db89cn1 : dmz_MAAPP_sforms_batchjob_oltp22_usfkl21db89cn1,,
pmcm_cm_from_mina_ref_oltp22_box,pmcm_cm_from_mina_ref_oltp22_box,pmcm_cm_from_mina_ref_oltp22_box : dmz_pmcm_cm_from_mina_ref_oltp22_box,,
pmcm_cm_from_mina_ref_oltp22_box,pmcm_cm_from_mina_ref_oltp22_usfkl21db89cn1,,pmcm_cm_from_mina_ref_oltp22_box : dmz_pmcm_cm_from_mina_ref_oltp22_box,
pmcm_cm_from_mina_ref_oltp22_usfkl21db89cn1,pmcm_cm_from_mina_ref_oltp22_usfkl21db89cn1,pmcm_cm_from_mina_ref_oltp22_usfkl21db89cn1 : dmz_pmcm_cm_from_mina_ref_oltp22_usfkl21db89cn1,,
MA_npt_acpr_update_oltp22_usfkl21db89cn1,MA_npt_acpr_update_oltp22_usfkl21db89cn1,MA_npt_acpr_update_oltp22_usfkl21db89cn1 : dmz_MA_npt_acpr_update_oltp22_usfkl21db89cn1,,
medba_archive_backup_bwchk,medba_archive_backup_bwchk,medba_archive_backup_bwchk : dmz_medba_archive_backup_bwchk,,
medba_full_backup_bwchk,medba_full_backup_bwchk,medba_full_backup_bwchk : dmz_medba_full_backup_bwchk,,
medba_archive_backup_cordysp2,medba_archive_backup_cordysp2,medba_archive_backup_cordysp2 : dmz_medba_archive_backup_cordysp2,,
medba_full_backup_cordysp2,medba_full_backup_cordysp2,medba_full_backup_cordysp2 : dmz_medba_full_backup_cordysp2,,
medba_archive_backup_filprd3,medba_archive_backup_filprd3,medba_archive_backup_filprd3 : dmz_medba_archive_backup_filprd3,,
medba_full_backup_filprd3,medba_full_backup_filprd3,medba_full_backup_filprd3 : dmz_medba_full_backup_filprd3,,
medba_archive_backup_bpmprod,medba_archive_backup_bpmprod,medba_archive_backup_bpmprod : dmz_medba_archive_backup_bpmprod,,
medba_full_backup_bpmprod,medba_full_backup_bpmprod,medba_full_backup_bpmprod : dmz_medba_full_backup_bpmprod,,
medba_archive_backup_idaprd1,medba_archive_backup_idaprd1,medba_archive_backup_idaprd1 : dmz_medba_archive_backup_idaprd1,,
medba_full_backup_idaprd1,medba_full_backup_idaprd1,medba_full_backup_idaprd1 : dmz_medba_full_backup_idaprd1,,
medba_archive_backup_apxprd01,medba_archive_backup_apxprd01,medba_archive_backup_apxprd01 : dmz_medba_archive_backup_apxprd01,,
medba_full_backup_apxprd01,medba_full_backup_apxprd01,medba_full_backup_apxprd01 : dmz_medba_full_backup_apxprd01,,
medba_archive_backup_infoprod,medba_archive_backup_infoprod,medba_archive_backup_infoprod : dmz_medba_archive_backup_infoprod,,
medba_full_backup_infoprod,medba_full_backup_infoprod,medba_full_backup_infoprod : dmz_medba_full_backup_infoprod,,
medba_archive_backup_bwprod11,medba_archive_backup_bwprod11,medba_archive_backup_bwprod11 : dmz_medba_archive_backup_bwprod11,,
medba_full_backup_bwprod11,medba_full_backup_bwprod11,medba_full_backup_bwprod11 : dmz_medba_full_backup_bwprod11,,
medba_archive_backup_bwprod13,medba_archive_backup_bwprod13,medba_archive_backup_bwprod13 : dmz_medba_archive_backup_bwprod13,,
medba_full_backup_bwprod13,medba_full_backup_bwprod13,medba_full_backup_bwprod13 : dmz_medba_full_backup_bwprod13,,
medba_archive_backup_bwstg10,medba_archive_backup_bwstg10,medba_archive_backup_bwstg10 : dmz_medba_archive_backup_bwstg10,,
medba_full_backup_bwstg10,medba_full_backup_bwstg10,medba_full_backup_bwstg10 : dmz_medba_full_backup_bwstg10,,
medba_archive_backup_cogprd12,medba_archive_backup_cogprd12,medba_archive_backup_cogprd12 : dmz_medba_archive_backup_cogprd12,,
medba_full_backup_cogprd12,medba_full_backup_cogprd12,medba_full_backup_cogprd12 : dmz_medba_full_backup_cogprd12,,
medba_archive_backup_bwstr24a,medba_archive_backup_bwstr24a,medba_archive_backup_bwstr24a : dmz_medba_archive_backup_bwstr24a,,
medba_incr_backup_bwstr24a,medba_incr_backup_bwstr24a,medba_incr_backup_bwstr24a : dmz_medba_incr_backup_bwstr24a,,
medba_archive_backup_bwstr24d,medba_archive_backup_bwstr24d,medba_archive_backup_bwstr24d : dmz_medba_archive_backup_bwstr24d,,
medba_incr_backup_bwstr24d,medba_incr_backup_bwstr24d,medba_incr_backup_bwstr24d : dmz_medba_incr_backup_bwstr24d,,
medba_archive_backup_oidprd01,medba_archive_backup_oidprd01,medba_archive_backup_oidprd01 : dmz_medba_archive_backup_oidprd01,,
medba_full_backup_oidprd01,medba_full_backup_oidprd01,medba_full_backup_oidprd01 : dmz_medba_full_backup_oidprd01,,
medba_archive_backup_oidprd02,medba_archive_backup_oidprd02,medba_archive_backup_oidprd02 : dmz_medba_archive_backup_oidprd02,,
medba_full_backup_oidprd02,medba_full_backup_oidprd02,medba_full_backup_oidprd02 : dmz_medba_full_backup_oidprd02,,
mebwd_hotbk_dd_bwprod26,mebwd_hotbk_dd_bwprod26,mebwd_hotbk_dd_bwprod26 : dmz_mebwd_hotbk_dd_bwprod26,,
mebwd_archbk_dd_bwprod26,mebwd_archbk_dd_bwprod26,mebwd_archbk_dd_bwprod26 : dmz_mebwd_archbk_dd_bwprod26,,
medba_gather_stats_bwprod25,medba_gather_stats_bwprod25,medba_gather_stats_bwprod25 : dmz_medba_gather_stats_bwprod25,,
medba_gather_stats_weekend_bwprod25,medba_gather_stats_weekend_bwprod25,medba_gather_stats_weekend_bwprod25 : dmz_medba_gather_stats_weekend_bwprod25,,
mebwd_hotbk_dd_bwprod25,mebwd_hotbk_dd_bwprod25,mebwd_hotbk_dd_bwprod25 : dmz_mebwd_hotbk_dd_bwprod25,,
mebwd_archbk_dd_bwprod25,mebwd_archbk_dd_bwprod25,mebwd_archbk_dd_bwprod25 : dmz_mebwd_archbk_dd_bwprod25,,
medba_archive_backup_coreprod,medba_archive_backup_coreprod,medba_archive_backup_coreprod : dmz_medba_archive_backup_coreprod,,
medba_full_backup_coreprod,medba_full_backup_coreprod,medba_full_backup_coreprod : dmz_medba_full_backup_coreprod,,
medba_archive_backup_esrprod,medba_archive_backup_esrprod,medba_archive_backup_esrprod : dmz_medba_archive_backup_esrprod,,
medba_full_backup_esrprod,medba_full_backup_esrprod,medba_full_backup_esrprod : dmz_medba_full_backup_esrprod,,
mebwd_hotbk_dd_bwprod24,mebwd_hotbk_dd_bwprod24,mebwd_hotbk_dd_bwprod24 : dmz_mebwd_hotbk_dd_bwprod24,,
mebwd_archbk_dd_bwprod24,mebwd_archbk_dd_bwprod24,mebwd_archbk_dd_bwprod24 : dmz_mebwd_archbk_dd_bwprod24,,
mebwd_acct_maint_del_users,mebwd_acct_maint_del_users,mebwd_acct_maint_del_users : dmz_mebwd_acct_maint_del_users,,
mebwd_acct_maint_del_users,mebwd_acct_maint_prep_coreprod,,,s(mebwd_acct_maint_del_users) : dmz_mebwd_acct_maint_del_users
mebwd_acct_maint_prep_coreprod,mebwd_acct_maint_prep_coreprod,mebwd_acct_maint_prep_coreprod : dmz_mebwd_acct_maint_prep_coreprod,,
mebwd_acct_maint_prep_coreprod,mebwd_acct_maint_coreprod,,,s(mebwd_acct_maint_prep_coreprod) : dmz_mebwd_acct_maint_prep_coreprod
mebwd_acct_maint_coreprod,mebwd_acct_maint_coreprod,mebwd_acct_maint_coreprod : dmz_mebwd_acct_maint_coreprod,,
mebwd_acct_maint_coreprod,mebwd_mat_views_refresh_apxprd01,,,s(mebwd_acct_maint_coreprod) : dmz_mebwd_acct_maint_coreprod
medba_archive_backup_bwprod36,medba_archive_backup_bwprod36,medba_archive_backup_bwprod36 : dmz_medba_archive_backup_bwprod36,,
medba_full_backup_bwprod36,medba_full_backup_bwprod36,medba_full_backup_bwprod36 : dmz_medba_full_backup_bwprod36,,
medba_archive_backup_bwprod07,medba_archive_backup_bwprod07,medba_archive_backup_bwprod07 : dmz_medba_archive_backup_bwprod07,,
medba_full_backup_bwprod07,medba_full_backup_bwprod07,medba_full_backup_bwprod07 : dmz_medba_full_backup_bwprod07,,
medba_archive_backup_bwprod12,medba_archive_backup_bwprod12,medba_archive_backup_bwprod12 : dmz_medba_archive_backup_bwprod12,,
medba_full_backup_bwprod12,medba_full_backup_bwprod12,medba_full_backup_bwprod12 : dmz_medba_full_backup_bwprod12,,
mebwd_w_bw_client_site_smlmkt_rpt,mebwd_w_bw_client_site_smlmkt_rpt,mebwd_w_bw_client_site_smlmkt_rpt : dmz_mebwd_w_bw_client_site_smlmkt_rpt,,
mebwd_w_bw_client_site_rpt,mebwd_w_bw_client_site_rpt,mebwd_w_bw_client_site_rpt : dmz_mebwd_w_bw_client_site_rpt,,
mebwd_bw_client_site_rpt_test10,mebwd_bw_client_site_rpt_test10,mebwd_bw_client_site_rpt_test10 : dmz_mebwd_bw_client_site_rpt_test10,,
mebwd_bw_client_site_rpt_dev10,mebwd_bw_client_site_rpt_dev10,mebwd_bw_client_site_rpt_dev10 : dmz_mebwd_bw_client_site_rpt_dev10,,
mebwd_bw_client_site_rpt_fv2,mebwd_bw_client_site_rpt_fv2,mebwd_bw_client_site_rpt_fv2 : dmz_mebwd_bw_client_site_rpt_fv2,,
mebwd_bw_client_site_rpt_cso,mebwd_bw_client_site_rpt_cso,mebwd_bw_client_site_rpt_cso : dmz_mebwd_bw_client_site_rpt_cso,,
medba_check_prod_autosys_jobs,medba_check_prod_autosys_jobs,medba_check_prod_autosys_jobs : dmz_medba_check_prod_autosys_jobs,,
medba_full_backup_RMANPROD,medba_full_backup_RMANPROD,medba_full_backup_RMANPROD : dmz_medba_full_backup_RMANPROD,,
medba_archive_backup_RMANPROD,medba_archive_backup_RMANPROD,medba_archive_backup_RMANPROD : dmz_medba_archive_backup_RMANPROD,,
medba_create_tnsnames_from_OID_vcn1,medba_create_tnsnames_from_OID_vcn1,medba_create_tnsnames_from_OID_vcn1 : dmz_medba_create_tnsnames_from_OID_vcn1,,
mebwd_emerg_acct_drop,mebwd_emerg_acct_drop,mebwd_emerg_acct_drop : dmz_mebwd_emerg_acct_drop,,
medba_create_tnsnames_from_OID_vcn2,medba_create_tnsnames_from_OID_vcn2,medba_create_tnsnames_from_OID_vcn2 : dmz_medba_create_tnsnames_from_OID_vcn2,,
mebwd_core_bw_info,mebwd_core_bw_info,mebwd_core_bw_info : dmz_mebwd_core_bw_info,,
pmdocsusprod_d_uni_start_MdocsETLReport,pmdocsusprod_d_uni_start_MdocsETLReport,pmdocsusprod_d_uni_start_MdocsETLReport : dmz_pmdocsusprod_d_uni_start_MdocsETLReport,,
medba_archive_backup_bwproda,medba_archive_backup_bwproda,medba_archive_backup_bwproda : dmz_medba_archive_backup_bwproda,,
medba_full_backup_bwproda,medba_full_backup_bwproda,medba_full_backup_bwproda : dmz_medba_full_backup_bwproda,,
medba_archive_backup_bwprod44,medba_archive_backup_bwprod44,medba_archive_backup_bwprod44 : dmz_medba_archive_backup_bwprod44,,
medba_full_backup_bwprod44,medba_full_backup_bwprod44,medba_full_backup_bwprod44 : dmz_medba_full_backup_bwprod44,,
medba_archive_backup_fullvol2,medba_archive_backup_fullvol2,medba_archive_backup_fullvol2 : dmz_medba_archive_backup_fullvol2,,
medba_full_backup_fullvol2,medba_full_backup_fullvol2,medba_full_backup_fullvol2 : dmz_medba_full_backup_fullvol2,,
mebwd_mat_views_refresh_apxprd01,mebwd_mat_views_refresh_apxprd01,mebwd_mat_views_refresh_apxprd01 : dmz_mebwd_mat_views_refresh_apxprd01,,
